PId,Mobile
1,iPhone
2,iPhone
3,Android
4,Android
5,iPhone
6,iPhone
7,iPhone
8,iPhone
9,iPhone
10,iPhone
11,iPhone
12,Android
13,iPhone
14,Android
15,iPhone
16,Android
17,iPhone
18,Android
19,Android
20,Android
21,iPhone
22,iPhone
23,iPhone
24,Android
25,Android
26,Android
27,Android
28,iPhone
29,Android
30,iPhone
31,iPhone
32,Android
33,iPhone
34,Android
35,iPhone
36,iPhone
37,Android
38,iPhone
39,Android
40,Android
41,Android
42,iPhone
43,iPhone
44,Android
45,iPhone
46,Android
47,iPhone
48,iPhone
49,Android
50,Android
51,iPhone
52,Android
53,iPhone
54,iPhone
55,iPhone
56,Android
57,iPhone
58,iPhone
59,Android
60,iPhone
61,Android
62,Android
63,Android
64,Android
65,iPhone
66,Android
67,iPhone
68,Android
69,iPhone
70,iPhone
71,Android
72,iPhone
73,iPhone
74,Android
75,iPhone
76,iPhone
77,iPhone
78,iPhone
79,iPhone
80,iPhone
81,Android
82,iPhone
83,iPhone
84,Android
85,Android
86,iPhone
87,Android
88,iPhone
89,iPhone
90,iPhone
91,Android
92,iPhone
93,iPhone
94,iPhone
95,Android
96,iPhone
97,Android
98,Android
99,iPhone
100,iPhone
